path,sha256,size_bytes,media_type,role,document_id,paper_version
Archive.zip,20e5b6be5c3060012c48446d1b51067996cd4f13df1d6a73ee8eeb8f855e3ab1,85557591,application/zip,source_archive,,
literature/raw/2306.14048.pdf,f2d699db2c1fe34b53677067ba6f3b903a6f87dbd04e4f6ad5b9fa324cdb36df,3482403,application/pdf,paper,2306.14048,2306.14048v3
literature/raw/2309.17453.pdf,e8a7de67c7c57642648362651b4cf64fd852467e18865a298916a36098314819,16952848,application/pdf,paper,2309.17453,2309.17453v4
literature/raw/2310.07240.pdf,3bbadb232c66d89dd1a68ecea65d76edc5e67074a97072e4a401ca7a6335a8de,1657938,application/pdf,paper,2310.07240,2310.07240v6
literature/raw/2401.18079.pdf,7ca1001fee6be5013d40ebf00e81df3bb677c90f1feb5c78b413cba64589ecfc,2169830,application/pdf,primary_method_paper,2401.18079,2401.18079v6
literature/raw/2402.02750.pdf,df31ef32d71bfb280c533c5db8220cadf5ef42076bf45d82ba4c8da8e50ea5f4,2194402,application/pdf,primary_method_paper,2402.02750,2402.02750v2
literature/raw/2402.18096.pdf,dec91fa435e63c57ee62e52b4a27bbbef55a203020f88ca00d4bfd1351c1fee2,5581757,application/pdf,paper,2402.18096,2402.18096v1
literature/raw/2403.05527.pdf,37cf9a0ce2bcb72cfb960e40c10abb10b7d1b040897d570b34ce390c22e329e9,5189345,application/pdf,paper,2403.05527,2403.05527v4
literature/raw/2404.00456.pdf,f611888c63ef63a5c0232e2c8416619f0c9ace08d0e05692731da82791202e3e,624957,application/pdf,paper,2404.00456,2404.00456v2
literature/raw/2404.14469.pdf,d17ce59a5a3342c9b0560c3503b0136f794fae92910421aa07dbca32e4279bf4,1066370,application/pdf,paper,2404.14469,2404.14469v2
literature/raw/2405.06219.pdf,fcb0a2dfb273f95ca7c878a98c507889471b252b08eae0facd873b1990859962,28671206,application/pdf,paper,2405.06219,2405.06219v3
literature/raw/2405.14256.pdf,8765c59681a203fc1fd34d1908e7195699b2e1118e2aca0791449c306f4eebf2,1108960,application/pdf,paper,2405.14256,2405.14256v1
literature/raw/2406.02069.pdf,0bcd6c0fba461e76a746a91316847b7552b441a4ea4d6481e9561a0f7fa9fb01,17431584,application/pdf,paper,2406.02069,2406.02069v4
literature/raw/2406.03482.pdf,bbc5455824ed9fa38e6a3cfeb805f6c406249e315bad8744db53366e6d6761bd,4956928,application/pdf,paper,2406.03482,2406.03482v2
literature/raw/2407.21118.pdf,676754dec64711c3407a56b58c037505133dec341b78333b238df48b36c792a1,6933056,application/pdf,paper,2407.21118,2407.21118v2
literature/raw/2410.10819.pdf,0c121d19e509201937378f711e236ce1453728670e8184c81b237702eea825b2,6304770,application/pdf,paper,2410.10819,2410.10819v1
literature/raw/2503.24000.pdf,e9b0280e9c0dec56ab4bf4427b8c45510f554edbe1f0a4f894bc75a8133d4f3b,1591317,application/pdf,survey_evaluation,2503.24000,2503.24000v1
literature/raw/2503.24358.pdf,f917a50d45ae23f0030e7da0bd8b4d0d238631cb412f127baaaa36af4d420098,993903,application/pdf,paper,2503.24358,2503.24358v2
literature/raw/2504.19874.pdf,431eb13926e10491f5fbd0bebd0813c51bd6c1e884426a1500c5db640b2997ab,861881,application/pdf,primary_method_paper,2504.19874,2504.19874v1
literature/raw/2507.08143.pdf,f308ee6b9c78035a632f2aefa1bb5ec53053768027a3baa6a9c02e0bd44a085e,5862290,application/pdf,paper,2507.08143,2507.08143v2
literature/raw/2510.00636.pdf,645adc0ccd3ad137e25bf0e502f78fae9690bfa217add2be6dcf3cffe9f8e8a7,1528084,application/pdf,paper,2510.00636,2510.00636v1
literature/raw/2602.23200.pdf,78f10ad1ed58f133ec4bdd644b99a05bc0e73c76d0b0640d0a4ac57fd2648e8d,470289,application/pdf,paper,2602.23200,2602.23200v2
literature/raw/2605.13734.pdf,febf952c4f72dd36e75ca7d0a7422646c4d4e77929892b3886b8b375f3d68383,7536914,application/pdf,paper,2605.13734,2605.13734v1
literature/raw/2605.13810.pdf,3cf63ed79886daead8b36e1eb2b4a5922143a6e9736c86a031116cb9d28f945b,570761,application/pdf,paper,2605.13810,2605.13810v1
literature/raw/__MACOSX/._2306.14048.pdf,36f47fdc67b95a28b0cb25142be93d86a4db70e419b9f47b22064af7df44ac39,163,application/applefile,archive_metadata,2306.14048,
literature/raw/__MACOSX/._2309.17453.pdf,36f47fdc67b95a28b0cb25142be93d86a4db70e419b9f47b22064af7df44ac39,163,application/applefile,archive_metadata,2309.17453,
literature/raw/__MACOSX/._2310.07240.pdf,36f47fdc67b95a28b0cb25142be93d86a4db70e419b9f47b22064af7df44ac39,163,application/applefile,archive_metadata,2310.07240,
literature/raw/__MACOSX/._2401.18079.pdf,36f47fdc67b95a28b0cb25142be93d86a4db70e419b9f47b22064af7df44ac39,163,application/applefile,archive_metadata,2401.18079,
literature/raw/__MACOSX/._2402.02750.pdf,36f47fdc67b95a28b0cb25142be93d86a4db70e419b9f47b22064af7df44ac39,163,application/applefile,archive_metadata,2402.02750,
literature/raw/__MACOSX/._2402.18096.pdf,36f47fdc67b95a28b0cb25142be93d86a4db70e419b9f47b22064af7df44ac39,163,application/applefile,archive_metadata,2402.18096,
literature/raw/__MACOSX/._2403.05527.pdf,36f47fdc67b95a28b0cb25142be93d86a4db70e419b9f47b22064af7df44ac39,163,application/applefile,archive_metadata,2403.05527,
literature/raw/__MACOSX/._2404.00456.pdf,36f47fdc67b95a28b0cb25142be93d86a4db70e419b9f47b22064af7df44ac39,163,application/applefile,archive_metadata,2404.00456,
literature/raw/__MACOSX/._2404.14469.pdf,36f47fdc67b95a28b0cb25142be93d86a4db70e419b9f47b22064af7df44ac39,163,application/applefile,archive_metadata,2404.14469,
literature/raw/__MACOSX/._2405.06219.pdf,36f47fdc67b95a28b0cb25142be93d86a4db70e419b9f47b22064af7df44ac39,163,application/applefile,archive_metadata,2405.06219,
literature/raw/__MACOSX/._2405.14256.pdf,36f47fdc67b95a28b0cb25142be93d86a4db70e419b9f47b22064af7df44ac39,163,application/applefile,archive_metadata,2405.14256,
literature/raw/__MACOSX/._2406.02069.pdf,36f47fdc67b95a28b0cb25142be93d86a4db70e419b9f47b22064af7df44ac39,163,application/applefile,archive_metadata,2406.02069,
literature/raw/__MACOSX/._2406.03482.pdf,36f47fdc67b95a28b0cb25142be93d86a4db70e419b9f47b22064af7df44ac39,163,application/applefile,archive_metadata,2406.03482,
literature/raw/__MACOSX/._2407.21118.pdf,36f47fdc67b95a28b0cb25142be93d86a4db70e419b9f47b22064af7df44ac39,163,application/applefile,archive_metadata,2407.21118,
literature/raw/__MACOSX/._2410.10819.pdf,36f47fdc67b95a28b0cb25142be93d86a4db70e419b9f47b22064af7df44ac39,163,application/applefile,archive_metadata,2410.10819,
literature/raw/__MACOSX/._2503.24000.pdf,36f47fdc67b95a28b0cb25142be93d86a4db70e419b9f47b22064af7df44ac39,163,application/applefile,archive_metadata,2503.24000,
literature/raw/__MACOSX/._2503.24358.pdf,36f47fdc67b95a28b0cb25142be93d86a4db70e419b9f47b22064af7df44ac39,163,application/applefile,archive_metadata,2503.24358,
literature/raw/__MACOSX/._2504.19874.pdf,36f47fdc67b95a28b0cb25142be93d86a4db70e419b9f47b22064af7df44ac39,163,application/applefile,archive_metadata,2504.19874,
literature/raw/__MACOSX/._2507.08143.pdf,36f47fdc67b95a28b0cb25142be93d86a4db70e419b9f47b22064af7df44ac39,163,application/applefile,archive_metadata,2507.08143,
literature/raw/__MACOSX/._2510.00636.pdf,36f47fdc67b95a28b0cb25142be93d86a4db70e419b9f47b22064af7df44ac39,163,application/applefile,archive_metadata,2510.00636,
literature/raw/__MACOSX/._2602.23200.pdf,36f47fdc67b95a28b0cb25142be93d86a4db70e419b9f47b22064af7df44ac39,163,application/applefile,archive_metadata,2602.23200,
literature/raw/__MACOSX/._2605.13734.pdf,36f47fdc67b95a28b0cb25142be93d86a4db70e419b9f47b22064af7df44ac39,163,application/applefile,archive_metadata,2605.13734,
literature/raw/__MACOSX/._2605.13810.pdf,36f47fdc67b95a28b0cb25142be93d86a4db70e419b9f47b22064af7df44ac39,163,application/applefile,archive_metadata,2605.13810,
